"type","name","module","path","hash"
"csv","agent-manifest","_config","_bmad/_config/agent-manifest.csv","4268078c76d7d33280034e8e9af86c9e2129d202c832f1572d8dab6310e391fa"
"yaml","bmm-analyst.customize","_config","_bmad/_config/agents/bmm-analyst.customize.yaml","b5d7b0ac4bf48a57553781645f661f96378bfb9adc221615173c7e1357f2a636"
"yaml","bmm-architect.customize","_config","_bmad/_config/agents/bmm-architect.customize.yaml","b5d7b0ac4bf48a57553781645f661f96378bfb9adc221615173c7e1357f2a636"
"yaml","bmm-dev.customize","_config","_bmad/_config/agents/bmm-dev.customize.yaml","b5d7b0ac4bf48a57553781645f661f96378bfb9adc221615173c7e1357f2a636"
"yaml","bmm-pm.customize","_config","_bmad/_config/agents/bmm-pm.customize.yaml","b5d7b0ac4bf48a57553781645f661f96378bfb9adc221615173c7e1357f2a636"
"yaml","bmm-quick-flow-solo-dev.customize","_config","_bmad/_config/agents/bmm-quick-flow-solo-dev.customize.yaml","b5d7b0ac4bf48a57553781645f661f96378bfb9adc221615173c7e1357f2a636"
"yaml","bmm-sm.customize","_config","_bmad/_config/agents/bmm-sm.customize.yaml","b5d7b0ac4bf48a57553781645f661f96378bfb9adc221615173c7e1357f2a636"
"yaml","bmm-tea.customize","_config","_bmad/_config/agents/bmm-tea.customize.yaml","b5d7b0ac4bf48a57553781645f661f96378bfb9adc221615173c7e1357f2a636"
"yaml","bmm-tech-writer.customize","_config","_bmad/_config/agents/bmm-tech-writer.customize.yaml","b5d7b0ac4bf48a57553781645f661f96378bfb9adc221615173c7e1357f2a636"
"yaml","bmm-ux-designer.customize","_config","_bmad/_config/agents/bmm-ux-designer.customize.yaml","b5d7b0ac4bf48a57553781645f661f96378bfb9adc221615173c7e1357f2a636"
"yaml","cis-brainstorming-coach.customize","_config","_bmad/_config/agents/cis-brainstorming-coach.customize.yaml","b5d7b0ac4bf48a57553781645f661f96378bfb9adc221615173c7e1357f2a636"
"yaml","cis-creative-problem-solver.customize","_config","_bmad/_config/agents/cis-creative-problem-solver.customize.yaml","b5d7b0ac4bf48a57553781645f661f96378bfb9adc221615173c7e1357f2a636"
"yaml","cis-design-thinking-coach.customize","_config","_bmad/_config/agents/cis-design-thinking-coach.customize.yaml","b5d7b0ac4bf48a57553781645f661f96378bfb9adc221615173c7e1357f2a636"
"yaml","cis-innovation-strategist.customize","_config","_bmad/_config/agents/cis-innovation-strategist.customize.yaml","b5d7b0ac4bf48a57553781645f661f96378bfb9adc221615173c7e1357f2a636"
"yaml","cis-presentation-master.customize","_config","_bmad/_config/agents/cis-presentation-master.customize.yaml","b5d7b0ac4bf48a57553781645f661f96378bfb9adc221615173c7e1357f2a636"
"yaml","cis-storyteller.customize","_config","_bmad/_config/agents/cis-storyteller.customize.yaml","b5d7b0ac4bf48a57553781645f661f96378bfb9adc221615173c7e1357f2a636"
"yaml","core-bmad-master.customize","_config","_bmad/_config/agents/core-bmad-master.customize.yaml","b5d7b0ac4bf48a57553781645f661f96378bfb9adc221615173c7e1357f2a636"
"yaml","claude-code","_config","_bmad/_config/ides/claude-code.yaml","285fa137d6a88212e00879cb2c82126e54adde2ff62fd3f257948cf2614e7199"
"yaml","codex","_config","_bmad/_config/ides/codex.yaml","696c734371eb852912f0737b0ab1a6485360b511cf2d1185f55988d3de1eaf62"
"yaml","windsurf","_config","_bmad/_config/ides/windsurf.yaml","e30d9028955db8c9e03c3315c3a53b8999923af6977765f23403b59e6328da70"
"yaml","manifest","_config","_bmad/_config/manifest.yaml","6ad31abf80e377eea13bb8554562d5653b57d4974f7b1bc30c2ee50bfaffd2ab"
"csv","task-manifest","_config","_bmad/_config/task-manifest.csv","331c9145f037a97a54abca46a4ecc5454b44f21e067eeedd2e1351aefd50f0d1"
"csv","tool-manifest","_config","_bmad/_config/tool-manifest.csv","5e50ad610e91c325c17bffce6aeba33c7b678f151c2b9f16574b07c68d2f3662"
"csv","workflow-manifest","_config","_bmad/_config/workflow-manifest.csv","7b4ca8032f086726964ab6e0790b03f79e54e8f39f5c3d140250e66ca7d9105d"
"yaml","config","_memory","_bmad/_memory/config.yaml","71b013390845700b1853442bda11f8c54a41c0b92e22b1b658d0fcfedc31f913"
"md","stories-told","_memory","_bmad/_memory/storyteller-sidecar/stories-told.md","47ee9e599595f3d9daf96d47bcdacf55eeb69fbe5572f6b08a8f48c543bc62de"
"md","story-preferences","_memory","_bmad/_memory/storyteller-sidecar/story-preferences.md","b70dbb5baf3603fdac12365ef24610685cba3b68a9bc41b07bbe455cbdcc0178"
"md","README","bmm","_bmad/bmm/README.md","b8ecaf85ec51d8baec3a933f5c163772b6b71ca6a612fdad0e9f09d21f601a70"
"md","analyst","bmm","_bmad/bmm/agents/analyst.md","c5bc69625ede90bada409cdc7bce72c8e13b1b10937fe757ae077902a49efc2b"
"md","architect","bmm","_bmad/bmm/agents/architect.md","bff30d4e4b49805274e380603c776b8bfb7d9ffba0fc9b246af17cd0d4ad2863"
"md","dev","bmm","_bmad/bmm/agents/dev.md","8111a37476c54797d710107736113b2f19a03953c7951579247ca49082a81d14"
"md","pm","bmm","_bmad/bmm/agents/pm.md","af0d859674d6e23af16734b388ed15284d6781d15ec3151d22d0dc2bb41ff37e"
"md","quick-flow-solo-dev","bmm","_bmad/bmm/agents/quick-flow-solo-dev.md","2730191a38f908ef8658ce1f70a141df168691ffb0cda2ab386c0a8574e9a77b"
"md","sm","bmm","_bmad/bmm/agents/sm.md","e18550f0e251afda874d41e9cd118c206c6535eed154e145b36c5e35ebbec7eb"
"md","tea","bmm","_bmad/bmm/agents/tea.md","3ee06b0af1394e74d19f00f7264790e8ed44b9433427702313c4228e538264a7"
"md","tech-writer","bmm","_bmad/bmm/agents/tech-writer.md","11bbe40764880bd363c943a97f081698112c1d3a370283f569ec28f746266653"
"md","ux-designer","bmm","_bmad/bmm/agents/ux-designer.md","740b9ec8c07d36bf4f576b8f117cbf3508a58f9ec40f43187ccc3137d692daeb"
"yaml","config","bmm","_bmad/bmm/config.yaml","42050d2d137a32a7014e4684bb662dfd5e0501064dc3033c269f6bf9df0e3b62"
"md","README","bmm","_bmad/bmm/data/README.md","352c44cff4dd0e5a90cdf6781168ceb57f5a78eaabddcd168433d8784854e4fb"
"md","documentation-standards","bmm","_bmad/bmm/data/documentation-standards.md","fc26d4daff6b5a73eb7964eacba6a4f5cf8f9810a8c41b6949c4023a4176d853"
"md","project-context-template","bmm","_bmad/bmm/data/project-context-template.md","34421aed3e0ad921dc0c0080297f3a2299735b00a25351de589ada99dae56559"
"md","agents-guide","bmm","_bmad/bmm/docs/agents-guide.md","4fc69109c429c48c6ee658226eb4e852b8ff68fc85212cbfe56545ac8184af74"
"md","bmad-quick-flow","bmm","_bmad/bmm/docs/bmad-quick-flow.md","ec4605f76bae6d452b2ff4c4095de4f4e9f0b86e1b30af23b8ba1cd6ab5b58a7"
"md","brownfield-guide","bmm","_bmad/bmm/docs/brownfield-guide.md","3c7627bd34769d3686671d8dc19b73b487f446d2012055f564fcbbf57bf78ad3"
"md","enterprise-agentic-development","bmm","_bmad/bmm/docs/enterprise-agentic-development.md","4f524577d6a2e76023916cf53d514dbe07cf1f092203016d43161b9622cb3741"
"md","faq","bmm","_bmad/bmm/docs/faq.md","ba9b4d97c7a846f4a0bbafe6c260e67d28fb01b022e84ea00fc4a732915fa814"
"md","glossary","bmm","_bmad/bmm/docs/glossary.md","b58d0ca4dfea78372fcd4e904f8a3dc0f222900dfb1b4e51aa36c997264cf6f0"
"md","README","bmm","_bmad/bmm/docs/images/README.md","53f8c4c5bc7c499332df10683dc7a2fdd9b086304f422def938fed70ffb2ef23"
"excalidraw","workflow-method-greenfield","bmm","_bmad/bmm/docs/images/workflow-method-greenfield.excalidraw","78c281ab7aae65ba453806e49e16e01852ef9c6097347171e9f11188afe45d88"
"svg","workflow-method-greenfield","bmm","_bmad/bmm/docs/images/workflow-method-greenfield.svg","f0ce562d058e6edb114a8ae8bc51fa6a71394c08c0ac16aae07d959c88c6dcca"
"md","index","bmm","_bmad/bmm/docs/index.md","261b940a39646fb290aaac293efa30b2b2ef80bab5292ff29bcb4f2194c77eea"
"md","party-mode","bmm","_bmad/bmm/docs/party-mode.md","9f42ef2dbf155931891dd321eaa8786624cdc5253917bd83b7fa68a6e63daad5"
"md","quick-flow-solo-dev","bmm","_bmad/bmm/docs/quick-flow-solo-dev.md","a25e2f1bc2303812cb8f68c9352d124c840f4b3d92dddced05eeefb9f62b95a7"
"md","quick-spec-flow","bmm","_bmad/bmm/docs/quick-spec-flow.md","105d027fd633e782e6f6fa96fb9d8917f7a96e26698650a5d12c67126bbf7be7"
"md","quick-start","bmm","_bmad/bmm/docs/quick-start.md","8e2ccc3eb4d7c9f44ea36fb845beaefa6f93c2a82a8f0686c8686c32609dcdb5"
"md","scale-adaptive-system","bmm","_bmad/bmm/docs/scale-adaptive-system.md","8031dec9852db4f07b4eacf4f5a44a542f2641b43e0e9a5d3dd0e0bf85f98dd5"
"md","test-architecture","bmm","_bmad/bmm/docs/test-architecture.md","9b3b26bcb7c29489e60182a3162df4178c1498ea6b58700654a1b9039804ba0b"
"md","troubleshooting","bmm","_bmad/bmm/docs/troubleshooting.md","d81b6745be030f7d56b448c94e453a93d3a2a1e66b9fe39d2f0766860617df2b"
"md","workflow-architecture-reference","bmm","_bmad/bmm/docs/workflow-architecture-reference.md","36efd4e3d74d1739455e896e62b7711bf4179c572f1eef7a7fae7f2385adcc6d"
"md","workflow-document-project-reference","bmm","_bmad/bmm/docs/workflow-document-project-reference.md","8d2626f46170c1b91c276c89e5cd646c6b59802ccf34e71eb1f5f0253262b87d"
"md","workflows-analysis","bmm","_bmad/bmm/docs/workflows-analysis.md","c452edcdd1811dcf2319d8785769b662ea773b4356f086813f17894f04908b33"
"md","workflows-implementation","bmm","_bmad/bmm/docs/workflows-implementation.md","b2fd9cb2fd44d38718832b1349c3b116d590fc5fe6294bdb2c1987362c474139"
"md","workflows-planning","bmm","_bmad/bmm/docs/workflows-planning.md","c0f59a4fa9cc3d1ef15d38bdf5884b70479ee9fbefa90119eb83dd4888797053"
"md","workflows-solutioning","bmm","_bmad/bmm/docs/workflows-solutioning.md","09e38cfe555cd48039cdd33c168c860c4f43df5308fcf0def9061746ce3454a0"
"csv","default-party","bmm","_bmad/bmm/teams/default-party.csv","a99738c082675ecfa7020cb03c915d87d15067a13f8d89e1cd5bb36b3227d849"
"yaml","team-fullstack","bmm","_bmad/bmm/teams/team-fullstack.yaml","da8346b10dfad8e1164a11abeb3b0a84a1d8b5f04e01e8490a44ffca477a1b96"
"md","api-request","bmm","_bmad/bmm/testarch/knowledge/api-request.md","93ac674f645cb389aafe08ce31e53280ebc0385c59e585a199b772bb0e0651fb"
"md","auth-session","bmm","_bmad/bmm/testarch/knowledge/auth-session.md","b2ee00c5650655311ff54d20dcd6013afb5b280a66faa8336f9fb810436f1aab"
"md","burn-in","bmm","_bmad/bmm/testarch/knowledge/burn-in.md","5ba3d2abe6b961e5bc3948ab165e801195bff3ee6e66569c00c219b484aa4b5d"
"md","ci-burn-in","bmm","_bmad/bmm/testarch/knowledge/ci-burn-in.md","4cdcf7b576dae8b5cb591a6fad69674f65044a0dc72ea57d561623dac93ec475"
"md","component-tdd","bmm","_bmad/bmm/testarch/knowledge/component-tdd.md","88bd1f9ca1d5bcd1552828845fe80b86ff3acdf071bac574eda744caf7120ef8"
"md","contract-testing","bmm","_bmad/bmm/testarch/knowledge/contract-testing.md","d8f662c286b2ea4772213541c43aebef006ab6b46e8737ebdc4a414621895599"
"md","data-factories","bmm","_bmad/bmm/testarch/knowledge/data-factories.md","d7428fe7675da02b6f5c4c03213fc5e542063f61ab033efb47c1c5669b835d88"
"md","email-auth","bmm","_bmad/bmm/testarch/knowledge/email-auth.md","43f4cc3138a905a91f4a69f358be6664a790b192811b4dfc238188e826f6b41b"
"md","error-handling","bmm","_bmad/bmm/testarch/knowledge/error-handling.md","8a314eafb31e78020e2709d88aaf4445160cbefb3aba788b62d1701557eb81c1"
"md","feature-flags","bmm","_bmad/bmm/testarch/knowledge/feature-flags.md","f6db7e8de2b63ce40a1ceb120a4055fbc2c29454ad8fca5db4e8c065d98f6f49"
"md","file-utils","bmm","_bmad/bmm/testarch/knowledge/file-utils.md","e0d4e98ca6ec32035ae07a14880c65ab99298e9240404d27a05788c974659e8b"
"md","fixture-architecture","bmm","_bmad/bmm/testarch/knowledge/fixture-architecture.md","a3b6c1bcaf5e925068f3806a3d2179ac11dde7149e404bc4bb5602afb7392501"
"md","fixtures-composition","bmm","_bmad/bmm/testarch/knowledge/fixtures-composition.md","8e57a897663a272fd603026aeec76941543c1e09d129e377846726fd405f3a5a"
"md","intercept-network-call","bmm","_bmad/bmm/testarch/knowledge/intercept-network-call.md","fb551cb0cefe3c062c28ae255a121aaae098638ec35a16fcdba98f670887ab6a"
"md","log","bmm","_bmad/bmm/testarch/knowledge/log.md","b6267716ccbe6f9e2cc1b2b184501faeb30277bc8546206a66f31500c52381d0"
"md","network-error-monitor","bmm","_bmad/bmm/testarch/knowledge/network-error-monitor.md","0380eb6df15af0a136334ad00cf44c92c779f311b07231f5aa6230e198786799"
"md","network-first","bmm","_bmad/bmm/testarch/knowledge/network-first.md","2920e58e145626f5505bcb75e263dbd0e6ac79a8c4c2ec138f5329e06a6ac014"
"md","network-recorder","bmm","_bmad/bmm/testarch/knowledge/network-recorder.md","9f120515cc377c4c500ec0b5fff0968666a9a4edee03a328d92514147d50f073"
"md","nfr-criteria","bmm","_bmad/bmm/testarch/knowledge/nfr-criteria.md","e63cee4a0193e4858c8f70ff33a497a1b97d13a69da66f60ed5c9a9853025aa1"
"md","overview","bmm","_bmad/bmm/testarch/knowledge/overview.md","79a12311d706fe55c48f72ef51c662c6f61a54651b3b76a3c7ccc87de6ebbf03"
"md","playwright-config","bmm","_bmad/bmm/testarch/knowledge/playwright-config.md","42516511104a7131775f4446196cf9e5dd3295ba3272d5a5030660b1dffaa69f"
"md","probability-impact","bmm","_bmad/bmm/testarch/knowledge/probability-impact.md","446dba0caa1eb162734514f35366f8c38ed3666528b0b5e16c7f03fd3c537d0f"
"md","recurse","bmm","_bmad/bmm/testarch/knowledge/recurse.md","19056fb5b7e5e626aad81277b3e5eec333f2aed36a17aea6c7d8714a5460c8b2"
"md","risk-governance","bmm","_bmad/bmm/testarch/knowledge/risk-governance.md","2fa2bc3979c4f6d4e1dec09facb2d446f2a4fbc80107b11fc41cbef2b8d65d68"
"md","selective-testing","bmm","_bmad/bmm/testarch/knowledge/selective-testing.md","c14c8e1bcc309dbb86a60f65bc921abf5a855c18a753e0c0654a108eb3eb1f1c"
"md","selector-resilience","bmm","_bmad/bmm/testarch/knowledge/selector-resilience.md","a55c25a340f1cd10811802665754a3f4eab0c82868fea61fea9cc61aa47ac179"
"md","test-healing-patterns","bmm","_bmad/bmm/testarch/knowledge/test-healing-patterns.md","b44f7db1ebb1c20ca4ef02d12cae95f692876aee02689605d4b15fe728d28fdf"
"md","test-levels-framework","bmm","_bmad/bmm/testarch/knowledge/test-levels-framework.md","80bbac7959a47a2e7e7de82613296f906954d571d2d64ece13381c1a0b480237"
"md","test-priorities-matrix","bmm","_bmad/bmm/testarch/knowledge/test-priorities-matrix.md","321c3b708cc19892884be0166afa2a7197028e5474acaf7bc65c17ac861964a5"
"md","test-quality","bmm","_bmad/bmm/testarch/knowledge/test-quality.md","97b6db474df0ec7a98a15fd2ae49671bb8e0ddf22963f3c4c47917bb75c05b90"
"md","timing-debugging","bmm","_bmad/bmm/testarch/knowledge/timing-debugging.md","c4c87539bbd3fd961369bb1d7066135d18c6aad7ecd70256ab5ec3b26a8777d9"
"md","visual-debugging","bmm","_bmad/bmm/testarch/knowledge/visual-debugging.md","072a3d30ba6d22d5e628fc26a08f6e03f8b696e49d5a4445f37749ce5cd4a8a9"
"csv","tea-index","bmm","_bmad/bmm/testarch/tea-index.csv","374a8d53b5e127a9440751a02c5112c66f81bc00e2128d11d11f16d8f45292ea"
"md","product-brief.template","bmm","_bmad/bmm/workflows/1-analysis/create-product-brief/product-brief.template.md","ae0f58b14455efd75a0d97ba68596a3f0b58f350cd1a0ee5b1af69540f949781"
"md","step-01-init","bmm","_bmad/bmm/workflows/1-analysis/create-product-brief/steps/step-01-init.md","0612802e8ecc8a1fc3dc20fc3e3e631ba58e446ae3d53dc50625ada12b539df9"
"md","step-01b-continue","bmm","_bmad/bmm/workflows/1-analysis/create-product-brief/steps/step-01b-continue.md","8928612615e30a004f100368b844117e8c6bbfb48d7a7ad3a4544036dca33ae3"
"md","step-02-vision","bmm","_bmad/bmm/workflows/1-analysis/create-product-brief/steps/step-02-vision.md","2cf470e27ad90243fe500522020bada62861059c3ade909bcb785d1e52ae45cc"
"md","step-03-users","bmm","_bmad/bmm/workflows/1-analysis/create-product-brief/steps/step-03-users.md","15d806e825cfb6998b73b87ae57312746feab0a42c9eed3f1e85d35005aefe07"
"md","step-04-metrics","bmm","_bmad/bmm/workflows/1-analysis/create-product-brief/steps/step-04-metrics.md","09cd2e4b8c1291846538b0cdab26c73820ec973057b506969b47ac2bdf5ecf0d"
"md","step-05-scope","bmm","_bmad/bmm/workflows/1-analysis/create-product-brief/steps/step-05-scope.md","87407f51bf8c72326113f0707e1c70508f8c0876ce6c7ab2419a82299deb157a"
"md","step-06-complete","bmm","_bmad/bmm/workflows/1-analysis/create-product-brief/steps/step-06-complete.md","8709e1fec11a82e5d0fc8ddc75d0e11493d6ca94a424dee20bcc625299a10d9d"
"md","workflow","bmm","_bmad/bmm/workflows/1-analysis/create-product-brief/workflow.md","09f24c579989fe45ad36becafc63b5b68f14fe2f6d8dd186a9ddfb0c1f256b7b"
"md","step-01-init","bmm","_bmad/bmm/workflows/1-analysis/research/domain-steps/step-01-init.md","c880668be8190af4db0df42cf1609097c747478b048b6ba2554fc7044444a3b3"
"md","step-02-domain-analysis","bmm","_bmad/bmm/workflows/1-analysis/research/domain-steps/step-02-domain-analysis.md","f0281c46b50151af72d28bf71fbf70e451b89b01dd1e0607d5c4c8d45a9fe9a3"
"md","step-03-competitive-landscape","bmm","_bmad/bmm/workflows/1-analysis/research/domain-steps/step-03-competitive-landscape.md","bdb6b7ad4157c50fe5cb7b87aaa332a32f2581468afda783dec77efb1761805d"
"md","step-04-regulatory-focus","bmm","_bmad/bmm/workflows/1-analysis/research/domain-steps/step-04-regulatory-focus.md","6fd786eb13f598569dca4e1b75f9d21b9be97721219c89743c08d7f7779c9c26"
"md","step-05-technical-trends","bmm","_bmad/bmm/workflows/1-analysis/research/domain-steps/step-05-technical-trends.md","4923fbc706e69ff2fdff372284e103ad1db5c9ed7486a77a00f9c494a90966a6"
"md","step-06-research-synthesis","bmm","_bmad/bmm/workflows/1-analysis/research/domain-steps/step-06-research-synthesis.md","b8c29bb261f3cfe2ec06d69c4c2fbce4fb945f628168143d33667a5295648b49"
"md","step-01-init","bmm","_bmad/bmm/workflows/1-analysis/research/market-steps/step-01-init.md","e47f961651ad449964cbbd16f39f0a34b2e7ffa0da7e9d06a8a361329e2d7ba1"
"md","step-02-customer-behavior","bmm","_bmad/bmm/workflows/1-analysis/research/market-steps/step-02-customer-behavior.md","fb25681e5e731736df99f7a3cc3ecf3181d8faea0a872fb5b5d3bdc3d98c3266"
"md","step-02-customer-insights","bmm","_bmad/bmm/workflows/1-analysis/research/market-steps/step-02-customer-insights.md","3c516f4958f55f9732838238a45948987a7a88cab14c9c469f5d03a1f5b4a375"
"md","step-03-customer-pain-points","bmm","_bmad/bmm/workflows/1-analysis/research/market-steps/step-03-customer-pain-points.md","63f5e16bf31da6a377812744fcc03fc886e6e84f30685d383836c688466049ff"
"md","step-04-customer-decisions","bmm","_bmad/bmm/workflows/1-analysis/research/market-steps/step-04-customer-decisions.md","79b952a9d41819dfd448a058525450e7894a8d6bf15dbbbcfd60d6698c24db94"
"md","step-05-competitive-analysis","bmm","_bmad/bmm/workflows/1-analysis/research/market-steps/step-05-competitive-analysis.md","5e6053df3323fdb561871881989d33e696fd43270cfed98c0064e409031f42b4"
"md","step-06-research-completion","bmm","_bmad/bmm/workflows/1-analysis/research/market-steps/step-06-research-completion.md","72d52d60cb2eb00402b96f64f3d44f252326f6b7c713dfe73c6a055325919f18"
"md","research.template","bmm","_bmad/bmm/workflows/1-analysis/research/research.template.md","507bb6729476246b1ca2fca4693986d286a33af5529b6cd5cb1b0bb5ea9926ce"
"md","step-01-init","bmm","_bmad/bmm/workflows/1-analysis/research/technical-steps/step-01-init.md","4d6ed6afc591c556dda2284265960cf74ea7e8c4d65108edb3278043fc915ef1"
"md","step-02-technical-overview","bmm","_bmad/bmm/workflows/1-analysis/research/technical-steps/step-02-technical-overview.md","dfef6c9c0054dbf4a9faf43a7f577a0296a69ab1a1e2fe9aa64affdad3dee84b"
"md","step-03-integration-patterns","bmm","_bmad/bmm/workflows/1-analysis/research/technical-steps/step-03-integration-patterns.md","516d5543ebe5f9004dc6ff7e09428704cbb85baf5aa33f2693d57515f43cc43e"
"md","step-04-architectural-patterns","bmm","_bmad/bmm/workflows/1-analysis/research/technical-steps/step-04-architectural-patterns.md","9e7d6107622625fa95ad2de6cbfdeb6b52864e78a4dcf3707d1f6202c53c4851"
"md","step-05-implementation-research","bmm","_bmad/bmm/workflows/1-analysis/research/technical-steps/step-05-implementation-research.md","f8067535a667f5e367e85844599ef92848872bdb57bff1dfcdad3aefb1c6512a"
"md","step-06-research-synthesis","bmm","_bmad/bmm/workflows/1-analysis/research/technical-steps/step-06-research-synthesis.md","78d3cdb130563cf819baf397bdc8dd27159264be74d86d3ec83795aa78bffde3"
"md","workflow","bmm","_bmad/bmm/workflows/1-analysis/research/workflow.md","0f93bfff6017edb481c73d187530fc88c52980f3bbd3371c50c6f65bff9ce6db"
"md","step-01-init","bmm","_bmad/bmm/workflows/2-plan-workflows/create-ux-design/steps/step-01-init.md","c0ff9306851344ab6258b3bf16daa387cfb2766a19401e4c0b36859c740ce37d"
"md","step-01b-continue","bmm","_bmad/bmm/workflows/2-plan-workflows/create-ux-design/steps/step-01b-continue.md","3c603dc187f43da14da3aaa1f3a85ed47ff7892f8a938a899b3085e21ce56dfe"
"md","step-02-discovery","bmm","_bmad/bmm/workflows/2-plan-workflows/create-ux-design/steps/step-02-discovery.md","d0f07cfa7ddaad0e5cdfa8ab84e072e98adfbc23249d4cfe1cf1850e8e61bacc"
"md","step-03-core-experience","bmm","_bmad/bmm/workflows/2-plan-workflows/create-ux-design/steps/step-03-core-experience.md","b47607799a8bcade3c9b48816180d060066b20fe8368bbdfb68bc2fb3d72a942"
"md","step-04-emotional-response","bmm","_bmad/bmm/workflows/2-plan-workflows/create-ux-design/steps/step-04-emotional-response.md","0898da6f829e2e828ae6f15ee701525fdedbaecb5dd06c890bb6e5736636b089"
"md","step-05-inspiration","bmm","_bmad/bmm/workflows/2-plan-workflows/create-ux-design/steps/step-05-inspiration.md","a9887e3f7ed2d2ba48dfecd425d10f83855b86da4306e621df4c661fa5e108f4"
"md","step-06-design-system","bmm","_bmad/bmm/workflows/2-plan-workflows/create-ux-design/steps/step-06-design-system.md","2428d662f376365738647cb94231bf4852446c7270a76495e631055a8e5c5295"
"md","step-07-defining-experience","bmm","_bmad/bmm/workflows/2-plan-workflows/create-ux-design/steps/step-07-defining-experience.md","35d25c9241bbe0992c38b877032c1ffc3fbeeb541c3e5adb92d463a1861c1efb"
"md","step-08-visual-foundation","bmm","_bmad/bmm/workflows/2-plan-workflows/create-ux-design/steps/step-08-visual-foundation.md","7dbdee31774d4a37f757035637db12cb856cc194b89f4f8278abc88a18529ea7"
"md","step-09-design-directions","bmm","_bmad/bmm/workflows/2-plan-workflows/create-ux-design/steps/step-09-design-directions.md","5d009ebff2706388657f7186deab88e338434ee994978a57076a7d225dc8f443"
"md","step-10-user-journeys","bmm","_bmad/bmm/workflows/2-plan-workflows/create-ux-design/steps/step-10-user-journeys.md","3547fa1a783f70bac202a11d67ab31cce5d7c59cf081c1e7211b592ec3498bfb"
"md","step-11-component-strategy","bmm","_bmad/bmm/workflows/2-plan-workflows/create-ux-design/steps/step-11-component-strategy.md","17a46b15958e01fb6d8cbd05eb9a92dbe81bc1bb88694e6fdd43e1447eb0d7a0"
"md","step-12-ux-patterns","bmm","_bmad/bmm/workflows/2-plan-workflows/create-ux-design/steps/step-12-ux-patterns.md","310e1abc6820a46e6eeff0823304117fa38ff442d9e487e0709ca89e7af3d279"
"md","step-13-responsive-accessibility","bmm","_bmad/bmm/workflows/2-plan-workflows/create-ux-design/steps/step-13-responsive-accessibility.md","610238fd18c057e06466c4f33dda5689fd71df728d4010a21614ce4db6adb009"
"md","step-14-complete","bmm","_bmad/bmm/workflows/2-plan-workflows/create-ux-design/steps/step-14-complete.md","a04a630d7a0d4403799869365e102f8ba63bae41f8c4e1644248e076a0f7c1b8"
"md","ux-design-template","bmm","_bmad/bmm/workflows/2-plan-workflows/create-ux-design/ux-design-template.md","ffa4b89376cd9db6faab682710b7ce755990b1197a8b3e16b17748656d1fca6a"
"md","workflow","bmm","_bmad/bmm/workflows/2-plan-workflows/create-ux-design/workflow.md","af6d85d72a04cdb96469da5591e2f2773a5d488161f85feda483a731022e219c"
"csv","domain-complexity","bmm","_bmad/bmm/workflows/2-plan-workflows/prd/domain-complexity.csv","ed4d30e9fd87db2d628fb66cac7a302823ef6ebb3a8da53b9265326f10a54e11"
"md","prd-template","bmm","_bmad/bmm/workflows/2-plan-workflows/prd/prd-template.md","77e54c1f7e16986be40c8ff411e954894492ef678fd21f310dd77e62d87b5315"
"csv","project-types","bmm","_bmad/bmm/workflows/2-plan-workflows/prd/project-types.csv","7a01d336e940fb7a59ff450064fd1194cdedda316370d939264a0a0adcc0aca3"
"md","step-01-init","bmm","_bmad/bmm/workflows/2-plan-workflows/prd/steps/step-01-init.md","74aa31e5adce70b3a7a722d56b7fe1c587c5ca995c644c371c45e8e86ff03bf4"
"md","step-01b-continue","bmm","_bmad/bmm/workflows/2-plan-workflows/prd/steps/step-01b-continue.md","4e6bef3f6c05f3bd69f1e95638c06e524daff723c3aa03f31f6f709c57a3ec83"
"md","step-02-discovery","bmm","_bmad/bmm/workflows/2-plan-workflows/prd/steps/step-02-discovery.md","59559a0fa2ffea0dcea72b0da5be159f03bc50053c561e30586fef1e5d13486d"
"md","step-03-success","bmm","_bmad/bmm/workflows/2-plan-workflows/prd/steps/step-03-success.md","5c90545570b8c48907a97e1befa620d6af3ca4a583c154b3bf9f9976e48a1ad3"
"md","step-04-journeys","bmm","_bmad/bmm/workflows/2-plan-workflows/prd/steps/step-04-journeys.md","a09e781d19e9484c4e6388ab8a7175124e347f123461edbab64ee9899fcca41c"
"md","step-05-domain","bmm","_bmad/bmm/workflows/2-plan-workflows/prd/steps/step-05-domain.md","6d64d9de806fa649f6f7a152455f908abc8a652a9b5af45219dbde66c89c2d43"
"md","step-06-innovation","bmm","_bmad/bmm/workflows/2-plan-workflows/prd/steps/step-06-innovation.md","daba0464207471df1c2ba6c5efc7e5ff9019862426526addf25709b6488c54c0"
"md","step-07-project-type","bmm","_bmad/bmm/workflows/2-plan-workflows/prd/steps/step-07-project-type.md","b86913c1d77e286efac98bcedaabe2c98fa435b665dcc94abbc9cacae7f76803"
"md","step-08-scoping","bmm","_bmad/bmm/workflows/2-plan-workflows/prd/steps/step-08-scoping.md","f861d1e9e2d8e732afd4fc95126a0706f703acd916e3140388862addd10e26c7"
"md","step-09-functional","bmm","_bmad/bmm/workflows/2-plan-workflows/prd/steps/step-09-functional.md","f161aceb4883733dc19a92701ab4a8b69915fcd6711476d42cc20f2a7fbc84db"
"md","step-10-nonfunctional","bmm","_bmad/bmm/workflows/2-plan-workflows/prd/steps/step-10-nonfunctional.md","16316b6bfbbfdc9a75cdba0d91483c124d3f13642580f005e0db826bb0582368"
"md","step-11-complete","bmm","_bmad/bmm/workflows/2-plan-workflows/prd/steps/step-11-complete.md","a1a88df77933126977504abae3d68e854d4fdec948d4689a67f797be7fde4abd"
"md","workflow","bmm","_bmad/bmm/workflows/2-plan-workflows/prd/workflow.md","c6287bbf6c420bc764caf0fa7e8f4ec1c74e923aa5165634422b2aac528d440a"
"md","step-01-document-discovery","bmm","_bmad/bmm/workflows/3-solutioning/check-implementation-readiness/steps/step-01-document-discovery.md","00ee9dc2bfac8cf07c78ddbd3e76a4f77e85a2aabe3b2c516eec9ee4a27caa0d"
"md","step-02-prd-analysis","bmm","_bmad/bmm/workflows/3-solutioning/check-implementation-readiness/steps/step-02-prd-analysis.md","c4a93504621d0be017c660f00e59b99c8063c3e65ad21894c1d5e08db6fadbcb"
"md","step-03-epic-coverage-validation","bmm","_bmad/bmm/workflows/3-solutioning/check-implementation-readiness/steps/step-03-epic-coverage-validation.md","d4bc95f8b3d44827d967bd54330c8a476b58afc9aef54c059867476fd628901b"
"md","step-04-ux-alignment","bmm","_bmad/bmm/workflows/3-solutioning/check-implementation-readiness/steps/step-04-ux-alignment.md","5c6122b55737cd7bbef1f50e32e540d154f4e46c6678e2a07487a42ae4052997"
"md","step-05-epic-quality-review","bmm","_bmad/bmm/workflows/3-solutioning/check-implementation-readiness/steps/step-05-epic-quality-review.md","07da2d04de655940014f4efd2e08d8db939a9db140e52c7b8eb5afaa88e66ea2"
"md","step-06-final-assessment","bmm","_bmad/bmm/workflows/3-solutioning/check-implementation-readiness/steps/step-06-final-assessment.md","957f6f19f8a78be454c2949856c180250d3f8e85793ca3eada87e4116edf0a26"
"md","readiness-report-template","bmm","_bmad/bmm/workflows/3-solutioning/check-implementation-readiness/templates/readiness-report-template.md","0da97ab1e38818e642f36dc0ef24d2dae69fc6e0be59924dc2dbf44329738ff6"
"md","workflow","bmm","_bmad/bmm/workflows/3-solutioning/check-implementation-readiness/workflow.md","c09000747b3093df5af2b81cc998e719a7ac5403582a45525a38ab9990310c96"
"md","architecture-decision-template","bmm","_bmad/bmm/workflows/3-solutioning/create-architecture/architecture-decision-template.md","5d9adf90c28df61031079280fd2e49998ec3b44fb3757c6a202cda353e172e9f"
"csv","domain-complexity","bmm","_bmad/bmm/workflows/3-solutioning/create-architecture/data/domain-complexity.csv","cb9244ed2084143146f9f473244ad9cf63d33891742b9f6fbcb6e354fa4f3a93"
"csv","project-types","bmm","_bmad/bmm/workflows/3-solutioning/create-architecture/data/project-types.csv","12343635a2f11343edb1d46906981d6f5e12b9cad2f612e13b09460b5e5106e7"
"md","step-01-init","bmm","_bmad/bmm/workflows/3-solutioning/create-architecture/steps/step-01-init.md","cbf82efcc79457707671bde3dc421d2284b10ccdb1efd5e8f41d0f2f2c165ef4"
"md","step-01b-continue","bmm","_bmad/bmm/workflows/3-solutioning/create-architecture/steps/step-01b-continue.md","4188f4abe9674b83108571317f8be8e35fc95d51d156397827dded6ef7429213"
"md","step-02-context","bmm","_bmad/bmm/workflows/3-solutioning/create-architecture/steps/step-02-context.md","8a5973ed86142757141855f0a48d91ec49de95d7a1cd15cb9314f3bc3368c995"
"md","step-03-starter","bmm","_bmad/bmm/workflows/3-solutioning/create-architecture/steps/step-03-starter.md","18df37c97a6ae3a54c7c993f1380001fccaa07998224b6fdfb0c130432448b62"
"md","step-04-decisions","bmm","_bmad/bmm/workflows/3-solutioning/create-architecture/steps/step-04-decisions.md","1f813be96bf5f88429afae2e30d44bb072a99a36f4c6b9f828593225abdf2f3e"
"md","step-05-patterns","bmm","_bmad/bmm/workflows/3-solutioning/create-architecture/steps/step-05-patterns.md","f3150aecc0258cc183f850aa168e2eb47826f2909b0eb28f7caf68611c5144f1"
"md","step-06-structure","bmm","_bmad/bmm/workflows/3-solutioning/create-architecture/steps/step-06-structure.md","03049f5629238236c0f87ca65d6d4d5a2f31816f196dbaef3183fa3bdcd28c61"
"md","step-07-validation","bmm","_bmad/bmm/workflows/3-solutioning/create-architecture/steps/step-07-validation.md","1b7210dfb5b678b35956b897dab55376200f76466c161186a8b585b93a3b799e"
"md","step-08-complete","bmm","_bmad/bmm/workflows/3-solutioning/create-architecture/steps/step-08-complete.md","9bdf0d0c2c92161df2b0223c68a4e2c06a4a874e208225955214dcdf1c77471b"
"md","workflow","bmm","_bmad/bmm/workflows/3-solutioning/create-architecture/workflow.md","7482394acc72b3fa327ba8dc82f2dbec9e78d08d37a7190a9447db1663f7206e"
"md","step-01-validate-prerequisites","bmm","_bmad/bmm/workflows/3-solutioning/create-epics-and-stories/steps/step-01-validate-prerequisites.md","cf655bdaeb2cd1663850f87b31cd21bcaace9026a332247ae652f63a823657ee"
"md","step-02-design-epics","bmm","_bmad/bmm/workflows/3-solutioning/create-epics-and-stories/steps/step-02-design-epics.md","3230a10767c6209556038caadb0b313f20dcc050cd365cb1e0a249391aaa9c52"
"md","step-03-create-stories","bmm","_bmad/bmm/workflows/3-solutioning/create-epics-and-stories/steps/step-03-create-stories.md","225f0adf188e9cdda100d722dccbb56f46a63e94e5e27ee6dd359379d72fecb0"
"md","step-04-final-validation","bmm","_bmad/bmm/workflows/3-solutioning/create-epics-and-stories/steps/step-04-final-validation.md","94a6f4de0dbfa9b04e9cab32d48ce33f954ec89e2cae2f5de7dda532ea6c660b"
"md","epics-template","bmm","_bmad/bmm/workflows/3-solutioning/create-epics-and-stories/templates/epics-template.md","b8ec5562b2a77efd80c40eba0421bbaab931681552e5a0ff01cd93902c447ff7"
"md","workflow","bmm","_bmad/bmm/workflows/3-solutioning/create-epics-and-stories/workflow.md","2ca790a6fa598a8b094dc14716a903b2b30b5eb97193933052c359858fe2aa6d"
"md","checklist","bmm","_bmad/bmm/workflows/4-implementation/code-review/checklist.md","e30d2890ba5c50777bbe04071f754e975a1d7ec168501f321a79169c4201dd28"
"xml","instructions","bmm","_bmad/bmm/workflows/4-implementation/code-review/instructions.xml","80d43803dced84f1e754d8690fb6da79e5b21a68ca8735b9c0ff709c49ac31ff"
"yaml","workflow","bmm","_bmad/bmm/workflows/4-implementation/code-review/workflow.yaml","4c387e65c1da652648a27367403bd7bf24b32f6016da9df6f7b9fa28ddb5a1c9"
"md","checklist","bmm","_bmad/bmm/workflows/4-implementation/correct-course/checklist.md","d3d30482c5e82a84c15c10dacb50d960456e98cfc5a8ddc11b54e14f3a850029"
"md","instructions","bmm","_bmad/bmm/workflows/4-implementation/correct-course/instructions.md","bd56efff69b1c72fbd835cbac68afaac043cf5004d021425f52935441a3c779d"
"yaml","workflow","bmm","_bmad/bmm/workflows/4-implementation/correct-course/workflow.yaml","c7b771ee3043c2622499e197147e33c77bca478a31091fae619e04cf628fef5e"
"md","checklist","bmm","_bmad/bmm/workflows/4-implementation/create-story/checklist.md","5154aa874c6a79285eba644493e87411c6021baff72859490db6e693d15e0bb9"
"xml","instructions","bmm","_bmad/bmm/workflows/4-implementation/create-story/instructions.xml","713b38a3ee0def92380ca97196d3457f68b8da60b78d2e10fc366c35811691fb"
"md","template","bmm","_bmad/bmm/workflows/4-implementation/create-story/template.md","29ba697368d77e88e88d0e7ac78caf7a78785a7dcfc291082aa96a62948afb67"
"yaml","workflow","bmm","_bmad/bmm/workflows/4-implementation/create-story/workflow.yaml","acaacf4f33b8935183e91cb04acaf957b76cf15af8db4ecedc83698983faa0c8"
"md","checklist","bmm","_bmad/bmm/workflows/4-implementation/dev-story/checklist.md","630b68c6824a8785003a65553c1f335222b17be93b1bd80524c23b38bde1d8af"
"xml","instructions","bmm","_bmad/bmm/workflows/4-implementation/dev-story/instructions.xml","d01f9b168f5ef2b4aaf7e1c2fad8146dacfa0ea845b101da80db688e1817cefb"
"yaml","workflow","bmm","_bmad/bmm/workflows/4-implementation/dev-story/workflow.yaml","270cb47b01e5a49d497c67f2c2605b808a943daf2b34ee60bc726ff78ac217b3"
"md","instructions","bmm","_bmad/bmm/workflows/4-implementation/retrospective/instructions.md","c1357ee8149935b391db1fd7cc9869bf3b450132f04d27fbb11906d421923bf8"
"yaml","workflow","bmm","_bmad/bmm/workflows/4-implementation/retrospective/workflow.yaml","13c13fcc9f7d2a82b04e4e829160fab0d86df7a5f346acba7ebd7b6b5f17b7fa"
"md","checklist","bmm","_bmad/bmm/workflows/4-implementation/sprint-planning/checklist.md","80b10aedcf88ab1641b8e5f99c9a400c8fd9014f13ca65befc5c83992e367dd7"
"md","instructions","bmm","_bmad/bmm/workflows/4-implementation/sprint-planning/instructions.md","63cfe41d19b46bfa30bb263f8a4473d414f9cc1d25f65dd950bfaf23d6cb3422"
"yaml","sprint-status-template","bmm","_bmad/bmm/workflows/4-implementation/sprint-planning/sprint-status-template.yaml","de75fe50bd5e3f4410ccc99fcd3f5dc958733b3829af1b13b4d7b0559bbca22b"
"yaml","workflow","bmm","_bmad/bmm/workflows/4-implementation/sprint-planning/workflow.yaml","7594689b758e66508894dd4380e39c3b54307a8cc8f25f9915a431eda93d2d7c"
"md","instructions","bmm","_bmad/bmm/workflows/4-implementation/sprint-status/instructions.md","8f883c7cf59460012b855465c7cbc896f0820afb11031c2b1b3dd514ed9f4b63"
"yaml","workflow","bmm","_bmad/bmm/workflows/4-implementation/sprint-status/workflow.yaml","af70f698ae428ba0baca2203c2bbe8ac4501b4fe6c5e14146ae7e6be6463d594"
"md","instructions","bmm","_bmad/bmm/workflows/bmad-quick-flow/create-tech-spec/instructions.md","ff42165eea4e8d15a2b1d4b2722f585819b602c813b6bb1d1692a126c4e49cfc"
"yaml","workflow","bmm","_bmad/bmm/workflows/bmad-quick-flow/create-tech-spec/workflow.yaml","a8fb07d79cacc4d79c29e02094af60541298508b546efe720b1c1b4475eb1c29"
"md","step-01-mode-detection","bmm","_bmad/bmm/workflows/bmad-quick-flow/quick-dev/steps/step-01-mode-detection.md","7d8e0016ac16645d4783c57c4c211c9ff0d2d00c58e19cf90775c580f4a653d3"
"md","step-02-context-gathering","bmm","_bmad/bmm/workflows/bmad-quick-flow/quick-dev/steps/step-02-context-gathering.md","8de307668f74892657c2b09f828a3b626b62a479fb72c0280c68ed0e25803896"
"md","step-03-execute","bmm","_bmad/bmm/workflows/bmad-quick-flow/quick-dev/steps/step-03-execute.md","dc340c8c7ac0819ae8442c3838e0ea922656ad7967ea110a8bf0ff80972d570a"
"md","step-04-self-check","bmm","_bmad/bmm/workflows/bmad-quick-flow/quick-dev/steps/step-04-self-check.md","444c02d8f57cd528729c51d77abf51ca8918ac5c65f3dcf269b21784f5f6920c"
"md","step-05-adversarial-review","bmm","_bmad/bmm/workflows/bmad-quick-flow/quick-dev/steps/step-05-adversarial-review.md","688d132f4c22973b4bde13e8a7f74691a0abea90df524f163cdd6e36800bda00"
"md","step-06-resolve-findings","bmm","_bmad/bmm/workflows/bmad-quick-flow/quick-dev/steps/step-06-resolve-findings.md","ad5d90b4f753fec9d2ba6065cbf4e5fa6ef07b013504a573a0edea5dcc16e180"
"md","workflow","bmm","_bmad/bmm/workflows/bmad-quick-flow/quick-dev/workflow.md","fe583e130c2590ba32caa89c5460790fffedf6597fd60f852d999f698def24b4"
"md","checklist","bmm","_bmad/bmm/workflows/document-project/checklist.md","2f1edb9e5e0b003f518b333ae842f344ff94d4dda7df07ba7f30c5b066013a68"
"csv","documentation-requirements","bmm","_bmad/bmm/workflows/document-project/documentation-requirements.csv","d1253b99e88250f2130516b56027ed706e643bfec3d99316727a4c6ec65c6c1d"
"md","instructions","bmm","_bmad/bmm/workflows/document-project/instructions.md","faba39025e187c6729135eccf339ec1e08fbdc34ad181583de8161d3d805aaaf"
"md","deep-dive-template","bmm","_bmad/bmm/workflows/document-project/templates/deep-dive-template.md","6198aa731d87d6a318b5b8d180fc29b9aa53ff0966e02391c17333818e94ffe9"
"md","index-template","bmm","_bmad/bmm/workflows/document-project/templates/index-template.md","42c8a14f53088e4fda82f26a3fe41dc8a89d4bcb7a9659dd696136378b64ee90"
"md","project-overview-template","bmm","_bmad/bmm/workflows/document-project/templates/project-overview-template.md","a7c7325b75a5a678dca391b9b69b1e3409cfbe6da95e70443ed3ace164e287b2"
"json","project-scan-report-schema","bmm","_bmad/bmm/workflows/document-project/templates/project-scan-report-schema.json","53255f15a10cab801a1d75b4318cdb0095eed08c51b3323b7e6c236ae6b399b7"
"md","source-tree-template","bmm","_bmad/bmm/workflows/document-project/templates/source-tree-template.md","109bc335ebb22f932b37c24cdc777a351264191825444a4d147c9b82a1e2ad7a"
"yaml","workflow","bmm","_bmad/bmm/workflows/document-project/workflow.yaml","82e731ea08217480958a75304558e767654d8a8262c0ec1ed91e81afd3135ed5"
"md","deep-dive-instructions","bmm","_bmad/bmm/workflows/document-project/workflows/deep-dive-instructions.md","8cb3d32d7685e5deff4731c2003d30b4321ef6c29247b3ddbe672c185e022604"
"yaml","deep-dive","bmm","_bmad/bmm/workflows/document-project/workflows/deep-dive.yaml","bf8eebff7c5544ad73f0fb9b7f164cd27c61b1b040573b7db7c52a6ba758b466"
"md","full-scan-instructions","bmm","_bmad/bmm/workflows/document-project/workflows/full-scan-instructions.md","6c6e0d77b33f41757eed8ebf436d4def69cd6ce412395b047bf5909f66d876aa"
"yaml","full-scan","bmm","_bmad/bmm/workflows/document-project/workflows/full-scan.yaml","04231a5fea12a034a90793b498d373eca8a0b0d7854ba7de23463e8f907f7ced"
"json","excalidraw-library","bmm","_bmad/bmm/workflows/excalidraw-diagrams/_shared/excalidraw-library.json","8e5079f4e79ff17f4781358423f2126a1f14ab48bbdee18fd28943865722030c"
"yaml","excalidraw-templates","bmm","_bmad/bmm/workflows/excalidraw-diagrams/_shared/excalidraw-templates.yaml","ca6e4ae85b5ab16df184ce1ddfdf83b20f9540db112ebf195cb793017f014a70"
"md","checklist","bmm","_bmad/bmm/workflows/excalidraw-diagrams/create-dataflow/checklist.md","f420aaf346833dfda5454ffec9f90a680e903453bcc4d3e277d089e6781fec55"
"md","instructions","bmm","_bmad/bmm/workflows/excalidraw-diagrams/create-dataflow/instructions.md","c3fc2918879988d73ee23279eb5e3d289c46f8271fd824ddbd3ff216303ce33c"
"yaml","workflow","bmm","_bmad/bmm/workflows/excalidraw-diagrams/create-dataflow/workflow.yaml","a845be912077a9c80fb3f3e2950c33b99139a2ae22db9c006499008ec2fa3851"
"md","checklist","bmm","_bmad/bmm/workflows/excalidraw-diagrams/create-diagram/checklist.md","6357350a6e2237c1b819edd8fc847e376192bf802000cb1a4337c9584fc91a18"
"md","instructions","bmm","_bmad/bmm/workflows/excalidraw-diagrams/create-diagram/instructions.md","cccf1d3d9c4a701a1813ca94503e0c4319d6f517ebfe6b4c22d59043975f4119"
"yaml","workflow","bmm","_bmad/bmm/workflows/excalidraw-diagrams/create-diagram/workflow.yaml","bac0e13f796b4a4bb2a3909ddef230f0cd1712a0163b6fe72a2966eed8fc87a9"
"md","checklist","bmm","_bmad/bmm/workflows/excalidraw-diagrams/create-flowchart/checklist.md","45aaf882b8e9a1042683406ae2cfc0b23d3d39bd1dac3ddb0778d5b7165f7047"
"md","instructions","bmm","_bmad/bmm/workflows/excalidraw-diagrams/create-flowchart/instructions.md","1910dc06714779abbe4f6f6fceb7a74fc87ca009cddc5c34e9ab97279cc47a65"
"yaml","workflow","bmm","_bmad/bmm/workflows/excalidraw-diagrams/create-flowchart/workflow.yaml","a8f6e3680d2ec51c131e5cd57c9705e5572fe3e08c536174da7175e07cce0c5d"
"md","checklist","bmm","_bmad/bmm/workflows/excalidraw-diagrams/create-wireframe/checklist.md","588f9354bf366c173aa261cf5a8b3a87c878ea72fd2c0f8088c4b3289e984641"
"md","instructions","bmm","_bmad/bmm/workflows/excalidraw-diagrams/create-wireframe/instructions.md","e40389e71f3afa125ebf4587c58c08753cd6c9bbe4f473c1af02b022ac4be350"
"yaml","workflow","bmm","_bmad/bmm/workflows/excalidraw-diagrams/create-wireframe/workflow.yaml","88ce19aff63a411583756cd0254af2000b6aac13071204dc9aef61aa137a51ef"
"md","project-context-template","bmm","_bmad/bmm/workflows/generate-project-context/project-context-template.md","54e351394ceceb0ac4b5b8135bb6295cf2c37f739c7fd11bb895ca16d79824a5"
"md","step-01-discover","bmm","_bmad/bmm/workflows/generate-project-context/steps/step-01-discover.md","a0506a143dca0e4b54ea2c2d02e88087c86fa81dae7ce0e7f20ca9ac8364342e"
"md","step-02-generate","bmm","_bmad/bmm/workflows/generate-project-context/steps/step-02-generate.md","d50d349ae0c5ea8d468c6d2c4165f19b539bea4c82a75221a22d737a7a7548a8"
"md","step-03-complete","bmm","_bmad/bmm/workflows/generate-project-context/steps/step-03-complete.md","d64001850546d3776e6d2c6b652eed4060382eea6b57994fceaef791e3026d9e"
"md","workflow","bmm","_bmad/bmm/workflows/generate-project-context/workflow.md","8ad4ad82e6d5b283fc3a5ccc0040528fc2acfd1bcc723111d44c6bee2b5a0a64"
"md","atdd-checklist-template","bmm","_bmad/bmm/workflows/testarch/atdd/atdd-checklist-template.md","0ef18566578ce92d30dcb068e5c4815146a909de9961b52e3223c97a6cf8cfcd"
"md","checklist","bmm","_bmad/bmm/workflows/testarch/atdd/checklist.md","d86b1718207a7225e57bc9ac281dc78f22806ac1bfdb9d770ac5dccf7ed8536b"
"md","instructions","bmm","_bmad/bmm/workflows/testarch/atdd/instructions.md","8b22d80ff61fd90b4f8402d5b5ab69d01a2c9f00cc4e1aa23aef49720db9254b"
"yaml","workflow","bmm","_bmad/bmm/workflows/testarch/atdd/workflow.yaml","671d3319e80fffb3dedf50ccda0f3aea87ed4de58e6af679678995ca9f5262b0"
"md","checklist","bmm","_bmad/bmm/workflows/testarch/automate/checklist.md","05bea6df394d88a1d2d296cd8ce6dea50c3eccd296fcb914c9fc8ac0e0d42590"
"md","instructions","bmm","_bmad/bmm/workflows/testarch/automate/instructions.md","e78434d221b332fa131062788f2184debb912ed561a0b9301d14252c5e2a8941"
"yaml","workflow","bmm","_bmad/bmm/workflows/testarch/automate/workflow.yaml","3d49eaca0024652b49f00f26f1f1402c73874eb250431cb5c1ce1d2eddc6520b"
"md","checklist","bmm","_bmad/bmm/workflows/testarch/ci/checklist.md","5dc2bd79abc3aeb42f2073a61308fc491a44000e87407e963504b45d14492ab3"
"yaml","github-actions-template","bmm","_bmad/bmm/workflows/testarch/ci/github-actions-template.yaml","cf7d1f0a1f2853b07df1b82b00ebe79f800f8f16817500747b7c4c9c7143aba7"
"yaml","gitlab-ci-template","bmm","_bmad/bmm/workflows/testarch/ci/gitlab-ci-template.yaml","986f29817e04996ab9f80bf2de0d25d8ed2365d955cc36d5801afaa93e99e80b"
"md","instructions","bmm","_bmad/bmm/workflows/testarch/ci/instructions.md","8cc49d93e549eb30952320b1902624036d23e92a6bbaf3f012d2a18dc67a9141"
"yaml","workflow","bmm","_bmad/bmm/workflows/testarch/ci/workflow.yaml","e42067278023d4489a159fdbf7a863c69345e3d3d91bf9af8dcff49fd14f0e6d"
"md","checklist","bmm","_bmad/bmm/workflows/testarch/framework/checklist.md","9df8f0394deb979d32ef66afd5022c812e1870c628fb451c08b5f0bea531d2a2"
"md","instructions","bmm","_bmad/bmm/workflows/testarch/framework/instructions.md","902212128052de150753ce0cabb9be0423da782ba280c3b5c198bc16e8ae7eb3"
"yaml","workflow","bmm","_bmad/bmm/workflows/testarch/framework/workflow.yaml","857b92ccfa185c373ebecd76f3f57ca84a4d94c8c2290679d33010f58e1ed9e1"
"md","checklist","bmm","_bmad/bmm/workflows/testarch/nfr-assess/checklist.md","0d3e01de7280dd9788abafb18e80bb3f76d498c7c4e10cde623153975e1a2c4a"
"md","instructions","bmm","_bmad/bmm/workflows/testarch/nfr-assess/instructions.md","378358fe3f4ac13f178f1ad61cabe0799a0f45020cb2738d087f4ade162b6bb8"
"md","nfr-report-template","bmm","_bmad/bmm/workflows/testarch/nfr-assess/nfr-report-template.md","229bdabe07577d24679eb9d42283b353dbde21338157188d8f555fdef200b91c"
"yaml","workflow","bmm","_bmad/bmm/workflows/testarch/nfr-assess/workflow.yaml","24a0e0e6124c3206775e43bd7ed4e1bfba752e7d7a0590bbdd73c2e9ce5a06ec"
"md","checklist","bmm","_bmad/bmm/workflows/testarch/test-design/checklist.md","48fe5522ddbd5f3566afbe87326f2a5a49efeeeb8221b9aa5209838d7d941330"
"md","instructions","bmm","_bmad/bmm/workflows/testarch/test-design/instructions.md","f3b2356f5c7801130d6a8bb3980e78bdcd3ccb52ff960ff3931372fe0e72d8fa"
"md","test-design-template","bmm","_bmad/bmm/workflows/testarch/test-design/test-design-template.md","be2c766858684f5afce7c140f65d6d6e36395433938a866dea09da252a723822"
"yaml","workflow","bmm","_bmad/bmm/workflows/testarch/test-design/workflow.yaml","6fc841c2640c81821ade186c5cd498255023a4cc141e83143bb299880bd667a9"
"md","checklist","bmm","_bmad/bmm/workflows/testarch/test-review/checklist.md","e39f2fb9c2dbfd158e5b5c1602fd15d5dbd3b0f0616d171e0551c356c92416f9"
"md","instructions","bmm","_bmad/bmm/workflows/testarch/test-review/instructions.md","f1dfb61f7a7d9e584d398987fdcb8ab27b4835d26b6a001ca4611b8a3da4c32d"
"md","test-review-template","bmm","_bmad/bmm/workflows/testarch/test-review/test-review-template.md","b476bd8ca67b730ffcc9f11aeb63f5a14996e19712af492ffe0d3a3d1a4645d2"
"yaml","workflow","bmm","_bmad/bmm/workflows/testarch/test-review/workflow.yaml","d64517e211eceb8e5523da19473387e642c5178d5850f92b1aa5dc3fea6a6685"
"md","checklist","bmm","_bmad/bmm/workflows/testarch/trace/checklist.md","20aa6436ba484b5e50bff13b4780581a5416cbc0f7a95e270bbf080db15f5d45"
"md","instructions","bmm","_bmad/bmm/workflows/testarch/trace/instructions.md","e64baaf94d73847c68abc5871ef255434180adf394bb71374d7a0cdfc0ccb086"
"md","trace-template","bmm","_bmad/bmm/workflows/testarch/trace/trace-template.md","148b715e7b257f86bc9d70b8e51b575e31d193420bdf135b32dd7bd3132762f3"
"yaml","workflow","bmm","_bmad/bmm/workflows/testarch/trace/workflow.yaml","0ba5d014b6209cc949391de9f495465b7d64d3496e1972be48b2961c8490e6f5"
"md","instructions","bmm","_bmad/bmm/workflows/workflow-status/init/instructions.md","1794fd7779523105c025bdc03fa921cfa3a49b5859f5a76143878bf22fec93b4"
"yaml","workflow","bmm","_bmad/bmm/workflows/workflow-status/init/workflow.yaml","c3ac4692fa8c04de3ccbf8fab3805dcf4c01c792fb55abc57f66e73201b35786"
"md","instructions","bmm","_bmad/bmm/workflows/workflow-status/instructions.md","d38359d95cdf9ee39b5c722255da94d092d018bef77f835b5b7075f27ce1eaa1"
"yaml","enterprise-brownfield","bmm","_bmad/bmm/workflows/workflow-status/paths/enterprise-brownfield.yaml","04a43e86f644949302cd5d4d801fb2ccdbb0f66b75609bc1fa712fd5c3bce675"
"yaml","enterprise-greenfield","bmm","_bmad/bmm/workflows/workflow-status/paths/enterprise-greenfield.yaml","20bda9331b02335c24f1686aab29183801d5de6cd40cadb4fd7472ee643cc8ab"
"yaml","method-brownfield","bmm","_bmad/bmm/workflows/workflow-status/paths/method-brownfield.yaml","35365c7af516ba2205d16e19a656695890e53678613bf835d490c338b7467b59"
"yaml","method-greenfield","bmm","_bmad/bmm/workflows/workflow-status/paths/method-greenfield.yaml","9f84ab40aa4c7984fd4e948f3f55823066e94fcbf1d16d207aee2a731e5c38ba"
"yaml","project-levels","bmm","_bmad/bmm/workflows/workflow-status/project-levels.yaml","ffa9fb3b32d81617bb8718689a5ff5774d2dff6c669373d979cc38b1dc306966"
"yaml","workflow-status-template","bmm","_bmad/bmm/workflows/workflow-status/workflow-status-template.yaml","87ebb239c97a3ebe72a4972c1d55300cb1a3d0008593b5d8397f8f4c5739bdc1"
"yaml","workflow","bmm","_bmad/bmm/workflows/workflow-status/workflow.yaml","43c84afe5a37b78247a498b20264c51b566b44b150857b8e5fe0ae9f32dc07e4"
"md","brainstorming-coach","cis","_bmad/cis/agents/brainstorming-coach.md","fab3b4136826ad24ba2498345d705cc12b7b3ce3b673f1b66f2d0786f4a0e3cc"
"md","creative-problem-solver","cis","_bmad/cis/agents/creative-problem-solver.md","127fce3d76ac65c3256eafc440b2cdeda91e89d663648163bac03ee0c8e09908"
"md","design-thinking-coach","cis","_bmad/cis/agents/design-thinking-coach.md","fe4277c1d4f55a8715b6ad9f1e4374862a3738f811719f0befb6e5d3c65247f8"
"md","innovation-strategist","cis","_bmad/cis/agents/innovation-strategist.md","e20db62734c82cd6e39dd6bfcb4e82a2e9e5dd0920adc44d27d62d96ad81ea42"
"md","presentation-master","cis","_bmad/cis/agents/presentation-master.md","6e540cb23f566b230a539e689173b9138d67920f7dc5fc2fb1bf837fb1a97189"
"md","storyteller","cis","_bmad/cis/agents/storyteller/storyteller.md","aecc55f5ff2ed97613917e821420e6ee6774e23569797462df56695fa1757686"
"yaml","config","cis","_bmad/cis/config.yaml","b5a6354e0daa9e6d23e48fc66d1ece3096803404ca5629a1ebbb0da377587d6e"
"md","index","cis","_bmad/cis/docs/index.md","bd84defa6f72e525e4c7a50b4777837798d886a5d6a36be9f4c4d6f26bdd2069"
"yaml","creative-squad","cis","_bmad/cis/teams/creative-squad.yaml","25407cf0ebdf5b10884cd03c86068e04715ef270ada93a3b64cb9907b62c71cf"
"csv","default-party","cis","_bmad/cis/teams/default-party.csv","aa16472c9ee01686ef5834cb8aa55763df328eb111b865f1adc41717a929b1b1"
"md","README","cis","_bmad/cis/workflows/README.md","c7038e6d3e8e1de8918db298b58b2fb00b7e61a3d72cae917a3ccf00f2f4939f"
"md","README","cis","_bmad/cis/workflows/design-thinking/README.md","0a38f88352dc4674f6e1f55a67ffebf403bf329c874a21a49ce7834c08f91f62"
"csv","design-methods","cis","_bmad/cis/workflows/design-thinking/design-methods.csv","6735e9777620398e35b7b8ccb21e9263d9164241c3b9973eb76f5112fb3a8fc9"
"md","instructions","cis","_bmad/cis/workflows/design-thinking/instructions.md","496c15117fb54314f3e1e8e57dfd2fe8e787281e5ba046b7a063d8c6f1f18d40"
"md","template","cis","_bmad/cis/workflows/design-thinking/template.md","7834c387ac0412c841b49a9fcdd8043f5ce053e5cb26993548cf4d31b561f6f0"
"yaml","workflow","cis","_bmad/cis/workflows/design-thinking/workflow.yaml","1feb8900e6716125af1ef533bcc54659670de0a3e44ff66348518423c5e7a7fb"
"md","README","cis","_bmad/cis/workflows/innovation-strategy/README.md","820a9e734fadf2cfac94d499cec2e4b41a54d054c0d2f6b9819da319beee4fb9"
"csv","innovation-frameworks","cis","_bmad/cis/workflows/innovation-strategy/innovation-frameworks.csv","9a14473b1d667467172d8d161e91829c174e476a030a983f12ec6af249c4e42f"
"md","instructions","cis","_bmad/cis/workflows/innovation-strategy/instructions.md","ad4be7be6fa5dd2abd9cc59bd7ec0af396d6a6b8c83d21dbbb769f1b6a2b22db"
"md","template","cis","_bmad/cis/workflows/innovation-strategy/template.md","e59bd789df87130bde034586d3e68bf1847c074f63d839945e0c29b1d0c85c82"
"yaml","workflow","cis","_bmad/cis/workflows/innovation-strategy/workflow.yaml","37b5e7f7d89999c85591bd5d95bfe2617f7690cfb8f0e1064803ec307a56eaaa"
"md","README","cis","_bmad/cis/workflows/problem-solving/README.md","a5e75b9899751d7aabffcf65785f10d4d2e0455f8c7c541e8a143e3babceca8b"
"md","instructions","cis","_bmad/cis/workflows/problem-solving/instructions.md","959b98b8b8c4df5b10d1f28177b571e5f022d1594f4c060571a60aae8a716263"
"csv","solving-methods","cis","_bmad/cis/workflows/problem-solving/solving-methods.csv","aa15c3a862523f20c199600d8d4d0a23fce1001010d7efc29a71abe537d42995"
"md","template","cis","_bmad/cis/workflows/problem-solving/template.md","6c9efd7ac7b10010bd9911db16c2fbdca01fb0c306d871fa6381eef700b45608"
"yaml","workflow","cis","_bmad/cis/workflows/problem-solving/workflow.yaml","481e5e24f9661df5111404f494739557795d7379456b20c4f5a925b6a0b97fae"
"md","README","cis","_bmad/cis/workflows/storytelling/README.md","1bad4223dce51cb5a7ab8c116467f78037a4583d3a840210ee2f160ad15b71ee"
"md","instructions","cis","_bmad/cis/workflows/storytelling/instructions.md","c9fd0927719c2f9de202c60b1835fd7618e2dcfb34de1845bfb907e7656fa64c"
"csv","story-types","cis","_bmad/cis/workflows/storytelling/story-types.csv","ec5a3c713617bf7e2cf7db439303dd8f3363daa2f6db20a350c82260ade88bdb"
"md","template","cis","_bmad/cis/workflows/storytelling/template.md","461981aa772ef2df238070cbec90fc40995df2a71a8c22225b90c91afed57452"
"yaml","workflow","cis","_bmad/cis/workflows/storytelling/workflow.yaml","3c8ad0a45f4f3c55896629b4cc11c165ff82febbb25c13214ca28aa3ef0f31cd"
"md","bmad-master","core","_bmad/core/agents/bmad-master.md","7ee75bf4e5a7ab1d09eddbdf23632e9bf410f8ae83c057480908333607db3798"
"xml","bmad-web-orchestrator.agent","core","_bmad/core/agents/bmad-web-orchestrator.agent.xml","b2e8528fd6fa7f184bd75dc0c0d25567e9451a400ae26e93bfd50955971ba896"
"yaml","config","core","_bmad/core/config.yaml","08e4ec71b98ef08ea1265db33251c384530c968473939fa8f3985db1b86f86bd"
"yaml","module","core","_bmad/core/module.yaml","f70aaeecabc804e86f41d1f51285590ba2499526cdb24c641760d1e8304ab720"
"md","README","core","_bmad/core/resources/excalidraw/README.md","72de8325d7289128f1c8afb3b0eea867ba90f4c029ca42e66a133cd9f92c285d"
"md","excalidraw-helpers","core","_bmad/core/resources/excalidraw/excalidraw-helpers.md","37f18fa0bd15f85a33e7526a2cbfe1d5a9404f8bcb8febc79b782361ef790de4"
"md","library-loader","core","_bmad/core/resources/excalidraw/library-loader.md","7837112bd0acb5906870dff423a21564879d49c5322b004465666a42c52477ab"
"md","validate-json-instructions","core","_bmad/core/resources/excalidraw/validate-json-instructions.md","0970bac93d52b4ee591a11998a02d5682e914649a40725d623489c77f7a1e449"
"csv","advanced-elicitation-methods","core","_bmad/core/tasks/advanced-elicitation-methods.csv","e08b2e22fec700274982e37be608d6c3d1d4d0c04fa0bae05aa9dba2454e6141"
"xml","advanced-elicitation","core","_bmad/core/tasks/advanced-elicitation.xml","c6dbc901671bcdf0c1d28e5cd388c958577bf255c7a3922302602fd3b981b2ee"
"xml","index-docs","core","_bmad/core/tasks/index-docs.xml","13ffd40ccaed0f05b35e4f22255f023e77a6926e8a2f01d071b0b91a4c942812"
"xml","review-adversarial-general","core","_bmad/core/tasks/review-adversarial-general.xml","05466fd1a0b207dd9987ba1e8674b40060025b105ba51f5b49fe852c44e51f12"
"xml","validate-workflow","core","_bmad/core/tasks/validate-workflow.xml","539e6f1255efbb62538598493e4083496dc0081d3c8989c89b47d06427d98f28"
"xml","workflow","core","_bmad/core/tasks/workflow.xml","38a94a0926acfdcd0fe80694d8ca551a2ce3237b203bffd562064f1b8d89a68b"
"xml","shard-doc","core","_bmad/core/tools/shard-doc.xml","f71987855cabb46bd58a63a4fd356efb0739a272ab040dd3c8156d7f538d7caf"
"csv","brain-methods","core","_bmad/core/workflows/brainstorming/brain-methods.csv","0ab5878b1dbc9e3fa98cb72abfc3920a586b9e2b42609211bb0516eefd542039"
"md","step-01-session-setup","core","_bmad/core/workflows/brainstorming/steps/step-01-session-setup.md","943118388f1cb81eda922240a944cff84517388298ead6b9e02f917432d8bf31"
"md","step-01b-continue","core","_bmad/core/workflows/brainstorming/steps/step-01b-continue.md","9d531b012f85a2a7c3ddd94a2adeb8189eab24c370d099dbabb1bd6e33b3a9cb"
"md","step-02a-user-selected","core","_bmad/core/workflows/brainstorming/steps/step-02a-user-selected.md","24158414bfe6daa46c94e6e43a9ec3a8d9a6dfe1b2a5bd8b719d06c775dcc73d"
"md","step-02b-ai-recommended","core","_bmad/core/workflows/brainstorming/steps/step-02b-ai-recommended.md","005ad3d7066547b1b5fa1b88c694caeedab009c9eaebecbdce8b902023b06579"
"md","step-02c-random-selection","core","_bmad/core/workflows/brainstorming/steps/step-02c-random-selection.md","24b54de6ed3a3b0b87a23a28a69a5fa73e8bf9fb80353fb12db8258c1e29ac95"
"md","step-02d-progressive-flow","core","_bmad/core/workflows/brainstorming/steps/step-02d-progressive-flow.md","34b53545f18cd26db8bff81072e1c6b38efe031969e72d79c7efa2814f3b9073"
"md","step-03-technique-execution","core","_bmad/core/workflows/brainstorming/steps/step-03-technique-execution.md","a0f7ef0d58ccf21c1e10b9ab221f8dbcc8ddc0c09b322da3863996e8731b6409"
"md","step-04-idea-organization","core","_bmad/core/workflows/brainstorming/steps/step-04-idea-organization.md","2a7f516d0e598ec3462795b1e5fe2bf2f3745276ca6ae609eed5562bacf46b0d"
"md","template","core","_bmad/core/workflows/brainstorming/template.md","5c99d76963eb5fc21db96c5a68f39711dca7c6ed30e4f7d22aedee9e8bb964f9"
"md","workflow","core","_bmad/core/workflows/brainstorming/workflow.md","81f29e8e5d2dc6cd0ad2d9821b1908ad026cfb389246fb3621234eed369dc4fa"
"md","step-01-agent-loading","core","_bmad/core/workflows/party-mode/steps/step-01-agent-loading.md","ebdeac5e67a5c9bde93cd1750963c0f0b0f354c19ccf922f9d681e6ae425d729"
"md","step-02-discussion-orchestration","core","_bmad/core/workflows/party-mode/steps/step-02-discussion-orchestration.md","1f0a6ca96139f522cc26ce6fdf78b4f94297201a53f06c30fb30e65717957cfb"
"md","step-03-graceful-exit","core","_bmad/core/workflows/party-mode/steps/step-03-graceful-exit.md","c07d1b5c3b4d48e8903872f24654e96f8cadd1d08202be3f5c2e381aa664e9bb"
"md","workflow","core","_bmad/core/workflows/party-mode/workflow.md","5f0f9cd9533115cde2c645e2b46c150080b8262fce9b91078af3f424bbf26bf3"
"md","windsurf-instructions","docs","_bmad/docs/windsurf-instructions.md","77669823d71f942ab7dbec5ac590381674bc88ad38dafcc895edb5afdf23b7d8"
